"Date","Price","Open","High","Low","Change %"
"Jul 13, 2017","198.72","224.81","226.99","196.98","-11.61"
"Jul 12, 2017","224.81","190.61","228.11","181.50","17.94"
"Jul 11, 2017","190.61","204.56","215.19","175.69","-6.82"
"Jul 10, 2017","204.56","237.67","239.94","186.16","-13.93"
"Jul 09, 2017","237.67","246.68","252.85","236.03","-3.65"
"Jul 08, 2017","246.68","241.20","249.00","231.61","2.28"
"Jul 07, 2017","241.19","266.01","266.96","236.11","-9.33"
"Jul 06, 2017","266.01","266.27","275.00","261.95","0.01"
"Jul 05, 2017","265.98","269.15","274.81","253.75","-1.12"
"Jul 04, 2017","269.00","276.37","282.81","266.12","-2.67"
"Jul 03, 2017","276.37","284.60","285.00","273.07","-2.84"
"Jul 02, 2017","284.46","263.12","293.73","255.76","8.36"
"Jul 01, 2017","262.52","280.73","281.98","253.50","-6.49"
"Jun 30, 2017","280.73","292.95","306.50","270.88","-4.18"
"Jun 29, 2017","292.98","315.32","322.90","287.72","-7.08"
"Jun 28, 2017","315.32","287.24","323.67","260.14","9.78"
"Jun 27, 2017","287.24","251.90","287.98","211.01","14.15"
"Jun 26, 2017","251.64","278.39","292.89","207.00","-9.61"
"Jun 25, 2017","278.40","304.50","310.00","251.48","-8.70"
"Jun 24, 2017","304.92","326.96","330.62","297.09","-6.74"
"Jun 23, 2017","326.96","320.02","332.79","317.61","2.17"
"Jun 22, 2017","320.02","326.73","334.47","305.50","-2.05"
"Jun 21, 2017","326.73","350.89","352.00","74.00","-6.89"
"Jun 20, 2017","350.89","358.71","365.76","325.36","-2.18"
"Jun 19, 2017","358.71","351.85","362.32","348.01","2.09"
"Jun 18, 2017","351.38","368.99","380.91","340.97","-4.77"
"Jun 17, 2017","368.99","354.27","369.00","342.00","4.16"
"Jun 16, 2017","354.26","343.71","362.02","314.10","3.06"
"Jun 15, 2017","343.73","341.70","353.78","254.88","0.59"
"Jun 14, 2017","341.70","387.99","394.45","315.14","-11.93"
"Jun 13, 2017","387.99","397.18","400.00","360.22","-2.31"
"Jun 12, 2017","397.18","343.03","419.30","312.50","15.79"
"Jun 11, 2017","343.03","341.61","354.39","317.05","0.42"
"Jun 10, 2017","341.61","279.39","357.94","278.95","22.27"
"Jun 09, 2017","279.39","258.64","279.39","258.64","8.02"
"Jun 08, 2017","258.64","255.99","261.00","250.80","1.04"
"Jun 07, 2017","255.99","264.69","265.63","245.59","-3.29"
"Jun 06, 2017","264.69","247.98","269.32","247.00","6.74"
"Jun 05, 2017","247.98","245.45","248.97","241.26","1.03"
"Jun 04, 2017","245.45","224.95","249.04","224.24","9.11"
"Jun 03, 2017","224.95","221.91","226.99","218.79","1.37"
"Jun 02, 2017","221.91","222.03","229.54","216.60","-0.05"
"Jun 01, 2017","222.03","228.99","237.71","207.00","-2.82"
"May 31, 2017","228.47","228.59","234.73","215.54","-0.05"
"May 30, 2017","228.59","194.90","232.50","185.09","17.28"
"May 29, 2017","194.91","175.61","199.00","167.12","11.04"
"May 28, 2017","175.53","159.77","184.93","159.77","9.86"
"May 27, 2017","159.77","163.81","171.58","119.00","-2.47"
"May 26, 2017","163.81","180.87","199.99","143.80","-9.43"
"May 25, 2017","180.87","196.05","217.41","162.75","-6.30"
"May 24, 2017","193.03","169.50","201.15","167.81","13.88"
"May 23, 2017","169.50","160.39","176.04","155.06","5.68"
"May 22, 2017","160.39","148.00","181.46","133.38","8.37"
"May 21, 2017","148.00","123.06","148.60","121.72","20.27"
"May 20, 2017","123.06","124.38","129.07","120.61","-1.06"
"May 19, 2017","124.38","95.88","129.47","95.73","29.72"
"May 18, 2017","95.88","86.98","96.10","86.69","10.23"
"May 17, 2017","86.98","87.80","89.40","81.99","-0.93"
"May 16, 2017","87.80","90.32","92.18","85.68","-2.79"
"May 15, 2017","90.32","88.72","94.30","86.75","1.80"
"May 14, 2017","88.72","87.96","89.70","86.33","0.86"
"May 13, 2017","87.96","85.15","88.59","81.81","3.30"
"May 12, 2017","85.15","88.20","90.57","83.15","-3.46"
"May 11, 2017","88.20","87.83","90.55","85.77","0.42"
"May 10, 2017","87.83","86.27","91.32","84.99","1.81"
"May 09, 2017","86.27","88.39","89.58","75.07","-2.40"
"May 08, 2017","88.39","90.46","93.45","80.93","-2.29"
"May 07, 2017","90.46","94.82","96.37","62.74","-4.60"
"May 06, 2017","94.82","90.79","95.60","90.56","4.44"
"May 05, 2017","90.79","94.55","97.66","87.11","-3.98"
"May 04, 2017","94.55","80.37","95.31","79.34","17.64"
"May 03, 2017","80.37","77.25","80.96","75.40","4.04"
"May 02, 2017","77.25","77.53","81.24","74.64","-0.36"
"May 01, 2017","77.53","79.83","83.87","71.46","-2.88"
"Apr 30, 2017","79.83","69.83","81.26","69.28","14.32"
"Apr 29, 2017","69.83","72.42","74.03","67.62","-3.58"
"Apr 28, 2017","72.42","63.14","73.85","62.08","14.70"
"Apr 27, 2017","63.14","53.28","63.42","52.43","18.51"
"Apr 26, 2017","53.28","50.09","54.61","50.01","6.37"
"Apr 25, 2017","50.09","49.94","50.61","49.79","0.30"
"Apr 24, 2017","49.94","48.75","50.41","48.72","2.44"
"Apr 23, 2017","48.75","48.41","48.92","47.91","0.70"
"Apr 22, 2017","48.41","48.27","48.94","47.98","0.29"
"Apr 21, 2017","48.27","49.36","49.46","48.09","-2.21"
"Apr 20, 2017","49.36","47.88","49.56","47.51","3.09"
"Apr 19, 2017","47.88","49.88","50.50","46.86","-4.01"
"Apr 18, 2017","49.88","47.94","50.25","47.75","4.05"
"Apr 17, 2017","47.94","48.22","48.53","47.57","-0.58"
"Apr 16, 2017","48.22","48.89","49.23","47.54","-1.37"
"Apr 15, 2017","48.89","47.32","62.03","46.89","3.32"
"Apr 14, 2017","47.32","49.97","50.10","46.53","-5.30"
"Apr 13, 2017","49.97","46.38","51.04","46.14","7.74"
"Apr 12, 2017","46.38","43.74","47.89","43.26","6.04"
"Apr 11, 2017","43.74","43.74","44.43","43.47","0.00"
"Apr 10, 2017","43.74","43.72","44.57","42.49","0.05"
"Apr 09, 2017","43.72","44.37","44.73","42.79","-1.46"
"Apr 08, 2017","44.37","42.31","45.77","42.17","4.87"
"Apr 07, 2017","42.31","43.23","44.58","41.58","-2.13"
"Apr 06, 2017","43.23","44.90","45.87","40.99","-3.72"
"Apr 05, 2017","44.90","44.43","47.49","44.12","1.06"
"Apr 04, 2017","44.43","44.13","45.97","41.28","0.68"
"Apr 03, 2017","44.13","48.55","48.76","42.49","-9.10"
"Apr 02, 2017","48.55","50.60","51.15","47.58","-4.05"
"Apr 01, 2017","50.60","49.91","51.77","48.65","1.38"
"Mar 31, 2017","49.91","51.91","52.22","46.83","-3.85"
"Mar 30, 2017","51.91","53.07","53.63","51.36","-2.19"
"Mar 29, 2017","53.07","50.25","53.97","50.08","5.61"
"Mar 28, 2017","50.25","49.06","50.55","48.50","2.43"
"Mar 27, 2017","49.06","50.63","51.72","48.33","-3.10"
"Mar 26, 2017","50.63","50.62","51.68","48.45","0.02"
"Mar 25, 2017","50.62","53.19","53.59","47.62","-4.83"
"Mar 24, 2017","53.19","43.20","53.74","42.77","23.12"
"Mar 23, 2017","43.20","41.65","44.26","40.59","3.72"
"Mar 22, 2017","41.65","42.67","42.94","38.56","-2.39"
"Mar 21, 2017","42.67","42.51","43.80","41.68","0.38"
"Mar 20, 2017","42.51","43.12","45.51","40.93","-1.41"
"Mar 19, 2017","43.12","34.00","45.55","33.40","26.82"
"Mar 18, 2017","34.00","44.48","45.24","30.63","-23.56"
"Mar 17, 2017","44.48","45.51","54.88","34.55","-2.26"
"Mar 16, 2017","45.51","35.18","46.55","34.76","29.36"
"Mar 15, 2017","35.18","28.58","35.32","28.31","23.09"
"Mar 14, 2017","28.58","28.45","29.88","26.91","0.46"
"Mar 13, 2017","28.45","23.31","31.04","23.30","22.05"
"Mar 12, 2017","23.31","21.45","23.81","21.20","8.67"
"Mar 11, 2017","21.45","19.13","21.64","18.72","12.13"
"Mar 10, 2017","19.13","17.71","19.68","16.57","8.02"
"Mar 09, 2017","17.71","16.54","18.13","15.94","7.07"
"Mar 08, 2017","16.54","18.91","18.93","16.51","-12.53"
"Mar 07, 2017","18.91","19.75","19.81","18.52","-4.25"
"Mar 06, 2017","19.75","19.22","20.30","19.00","2.76"
"Mar 05, 2017","19.22","18.61","19.40","18.10","3.28"
"Mar 04, 2017","18.61","19.48","20.19","18.56","-4.47"
"Mar 03, 2017","19.48","19.08","21.06","17.81","2.10"
"Mar 02, 2017","19.08","17.55","19.64","16.58","8.72"
"Mar 01, 2017","17.55","16.07","17.65","15.68","9.21"
"Feb 28, 2017","16.07","15.55","16.75","15.19","3.34"
"Feb 27, 2017","15.55","14.59","16.09","14.30","6.58"
"Feb 26, 2017","14.59","13.57","14.65","13.37","7.52"
"Feb 25, 2017","13.57","13.11","13.78","12.97","3.51"
"Feb 24, 2017","13.11","13.13","13.29","12.72","-0.15"
"Feb 23, 2017","13.13","12.69","13.30","12.64","3.47"
"Feb 22, 2017","12.69","12.77","12.90","12.62","-0.63"
"Feb 21, 2017","12.77","12.52","12.84","12.25","2.00"
"Feb 20, 2017","12.52","12.82","12.90","12.48","-2.34"
"Feb 19, 2017","12.82","12.83","12.92","12.74","-0.08"
"Feb 18, 2017","12.83","12.72","12.89","12.71","0.86"
"Feb 17, 2017","12.72","12.95","12.94","12.68","-1.78"
"Feb 16, 2017","12.95","12.97","13.06","12.64","-0.15"
"Feb 15, 2017","12.97","13.00","13.68","12.63","-0.23"
"Feb 14, 2017","13.00","11.39","14.05","11.32","14.14"
"Feb 13, 2017","11.39","11.42","11.49","11.19","-0.26"
"Feb 12, 2017","11.42","11.43","11.49","11.34","-0.09"
"Feb 11, 2017","11.43","11.34","11.45","11.28","0.79"
"Feb 10, 2017","11.34","10.94","11.44","10.81","3.66"
"Feb 09, 2017","10.94","11.39","11.49","10.53","-3.95"
"Feb 08, 2017","11.39","11.45","11.60","11.11","-0.52"
"Feb 07, 2017","11.45","11.32","11.55","11.26","1.15"
"Feb 06, 2017","11.32","11.22","11.39","11.18","0.89"
"Feb 05, 2017","11.22","11.32","11.39","11.10","-0.88"
"Feb 04, 2017","11.32","10.95","11.40","10.88","3.38"
"Feb 03, 2017","10.95","10.78","10.95","10.55","1.58"
"Feb 02, 2017","10.78","10.71","10.92","10.57","0.65"
"Feb 01, 2017","10.71","10.71","10.87","10.53","0.00"
"Jan 31, 2017","10.71","10.62","10.80","10.53","0.85"
"Jan 30, 2017","10.62","10.47","10.77","10.42","1.43"
"Jan 29, 2017","10.47","10.54","10.56","10.44","-0.66"
"Jan 28, 2017","10.54","10.51","10.57","10.44","0.29"
"Jan 27, 2017","10.51","10.65","10.67","10.41","-1.31"
"Jan 26, 2017","10.65","10.51","10.67","10.48","1.33"
"Jan 25, 2017","10.51","10.51","10.65","10.40","0.00"
"Jan 24, 2017","10.51","10.78","10.87","10.49","-2.50"
"Jan 23, 2017","10.78","10.71","10.96","10.63","0.65"
"Jan 22, 2017","10.71","10.91","11.01","10.60","-1.83"
"Jan 21, 2017","10.91","10.60","11.00","10.54","2.92"
"Jan 20, 2017","10.60","10.43","10.75","10.31","1.63"
"Jan 19, 2017","10.43","10.19","10.52","10.17","2.36"
"Jan 18, 2017","10.19","10.14","10.46","9.91","0.49"
"Jan 17, 2017","10.14","9.59","10.53","9.56","5.74"
"Jan 16, 2017","9.59","9.88","10.12","9.55","-2.94"
"Jan 15, 2017","9.88","9.78","9.99","9.73","1.02"
"Jan 14, 2017","9.78","9.78","9.91","9.63","0.00"
"Jan 13, 2017","9.78","9.81","9.90","9.47","-0.31"
"Jan 12, 2017","9.81","9.83","10.23","9.14","-0.20"
"Jan 11, 2017","9.83","10.55","10.72","9.49","-6.82"
"Jan 10, 2017","10.55","10.20","10.68","10.23","3.43"
"Jan 09, 2017","10.20","10.27","10.75","10.03","-0.68"
"Jan 08, 2017","10.27","9.78","10.39","9.67","5.01"
"Jan 07, 2017","9.78","10.07","10.12","9.47","-2.88"
"Jan 06, 2017","10.07","10.20","10.42","9.44","-1.27"
"Jan 05, 2017","10.20","10.88","11.63","9.07","-6.25"
"Jan 04, 2017","10.88","9.59","10.89","9.31","13.45"
"Jan 03, 2017","9.59","8.33","9.94","8.18","15.13"
"Jan 02, 2017","8.33","8.14","8.47","8.03","2.33"
"Jan 01, 2017","8.14","8.05","8.54","8.02","1.12"
"Dec 31, 2016","8.05","8.16","8.23","7.92","-1.35"
"Dec 30, 2016","8.16","8.21","8.48","7.99","-0.61"
"Dec 29, 2016","8.21","7.57","8.51","7.49","8.45"
"Dec 28, 2016","7.57","7.15","7.72","7.03","5.87"
"Dec 27, 2016","7.15","7.21","7.34","7.03","-0.83"
"Dec 26, 2016","7.21","7.19","7.30","6.98","0.28"
"Dec 25, 2016","7.19","7.23","7.31","7.10","-0.55"
"Dec 24, 2016","7.23","7.16","7.44","7.02","0.98"
"Dec 23, 2016","7.16","7.64","7.64","7.05","-6.28"
"Dec 22, 2016","7.64","7.87","7.92","7.48","-2.92"
"Dec 21, 2016","7.87","7.59","7.96","7.57","3.69"
"Dec 20, 2016","7.59","7.61","7.76","7.54","-0.26"
"Dec 19, 2016","7.61","7.89","7.92","7.57","-3.55"
"Dec 18, 2016","7.89","7.66","7.94","7.66","3.00"
"Dec 17, 2016","7.66","7.85","7.87","7.47","-2.42"
"Dec 16, 2016","7.85","7.76","7.94","7.75","1.16"
"Dec 15, 2016","7.76","8.23","8.28","7.67","-5.71"
"Dec 14, 2016","8.23","8.40","8.47","8.20","-2.02"
"Dec 13, 2016","8.40","8.45","8.54","8.31","-0.59"
"Dec 12, 2016","8.45","8.20","8.60","8.15","3.05"
"Dec 11, 2016","8.20","8.09","8.25","8.06","1.36"
"Dec 10, 2016","8.09","8.52","8.58","8.01","-5.05"
"Dec 09, 2016","8.52","8.30","8.64","7.98","2.65"
"Dec 08, 2016","8.30","8.35","8.90","8.19","-0.60"
"Dec 07, 2016","8.35","7.61","8.55","7.39","9.72"
"Dec 06, 2016","7.61","6.69","7.80","5.97","13.75"
"Dec 05, 2016","6.69","7.54","7.60","6.53","-11.27"
"Dec 04, 2016","7.54","7.90","7.92","7.42","-4.56"
"Dec 03, 2016","7.90","7.65","8.13","7.44","3.27"
"Dec 02, 2016","7.65","8.44","8.44","7.30","-9.36"
"Dec 01, 2016","8.44","8.59","8.67","8.27","-1.75"
"Nov 30, 2016","8.59","8.18","8.73","8.07","5.01"
"Nov 29, 2016","8.18","8.66","8.71","7.80","-5.54"
"Nov 28, 2016","8.66","8.91","9.04","8.56","-2.81"
"Nov 27, 2016","8.91","9.34","9.34","8.64","-4.60"
"Nov 26, 2016","9.34","9.39","9.49","9.25","-0.53"
"Nov 25, 2016","9.39","9.22","9.75","9.17","1.84"
"Nov 24, 2016","9.22","9.78","9.82","8.69","-5.73"
"Nov 23, 2016","9.78","9.84","9.93","9.71","-0.61"
"Nov 22, 2016","9.84","9.56","10.25","9.51","2.93"
"Nov 21, 2016","9.56","9.57","9.65","9.43","-0.10"
"Nov 20, 2016","9.57","9.70","9.76","9.50","-1.34"
"Nov 19, 2016","9.70","9.53","9.76","9.45","1.78"
"Nov 18, 2016","9.53","9.95","9.99","9.42","-4.22"
"Nov 17, 2016","9.95","10.01","10.14","9.81","-0.60"
"Nov 16, 2016","10.01","10.22","10.38","9.85","-2.05"
"Nov 15, 2016","10.22","10.00","10.32","9.81","2.20"
"Nov 14, 2016","10.00","10.13","10.17","9.90","-1.28"
"Nov 13, 2016","10.13","9.96","10.38","9.68","1.71"
"Nov 12, 2016","9.96","10.29","10.34","9.64","-3.21"
"Nov 11, 2016","10.29","10.52","10.67","10.19","-2.19"
"Nov 10, 2016","10.52","10.64","10.73","10.44","-1.13"
"Nov 09, 2016","10.64","10.86","10.83","10.16","-2.03"
"Nov 08, 2016","10.86","10.90","11.01","10.79","-0.37"
"Nov 07, 2016","10.90","10.97","11.04","10.85","-0.64"
"Nov 06, 2016","10.97","11.11","11.16","10.89","-1.26"
"Nov 05, 2016","11.11","11.13","11.21","10.98","-0.18"
"Nov 04, 2016","11.13","10.86","11.15","10.80","2.49"
"Nov 03, 2016","10.86","10.82","11.12","10.71","0.37"
"Nov 02, 2016","10.82","10.75","11.16","10.69","0.65"
"Nov 01, 2016","10.75","10.91","11.19","10.32","-1.47"
"Oct 31, 2016","10.91","11.22","11.64","10.86","-2.76"
"Oct 30, 2016","11.22","10.39","11.42","10.28","7.99"
"Oct 29, 2016","10.39","11.08","11.25","9.42","-6.23"
"Oct 28, 2016","11.08","11.43","11.60","10.93","-3.06"
"Oct 27, 2016","11.43","11.50","11.57","11.21","-0.61"
"Oct 26, 2016","11.50","11.38","11.69","11.29","1.05"
"Oct 25, 2016","11.38","11.93","11.96","11.08","-4.61"
"Oct 24, 2016","11.93","11.95","12.02","11.89","-0.17"
"Oct 23, 2016","11.95","12.06","12.09","11.90","-0.91"
"Oct 22, 2016","12.06","12.07","12.16","11.90","-0.08"
"Oct 21, 2016","12.07","12.05","12.13","11.97","0.17"
"Oct 20, 2016","12.05","11.98","12.26","11.93","0.58"
"Oct 19, 2016","11.98","12.50","12.65","11.88","-4.16"
"Oct 18, 2016","12.50","11.98","12.92","11.93","4.34"
"Oct 17, 2016","11.98","11.93","12.00","11.82","0.42"
"Oct 16, 2016","11.93","11.96","12.04","11.87","-0.25"
"Oct 15, 2016","11.96","11.90","11.98","11.76","0.50"
"Oct 14, 2016","11.90","12.02","12.06","11.84","-1.00"
"Oct 13, 2016","12.02","11.77","12.10","11.74","2.12"
"Oct 12, 2016","11.77","11.75","12.09","11.68","0.17"
"Oct 11, 2016","11.75","11.74","12.23","11.70","0.09"
"Oct 10, 2016","11.74","12.06","12.15","11.60","-2.65"
"Oct 09, 2016","12.06","12.24","12.41","11.97","-1.47"
"Oct 08, 2016","12.24","12.68","12.76","12.04","-3.47"
"Oct 07, 2016","12.68","12.87","13.08","12.50","-1.48"
"Oct 06, 2016","12.87","13.09","13.19","12.66","-1.68"
"Oct 05, 2016","13.09","13.32","13.44","13.09","-1.73"
"Oct 04, 2016","13.32","13.45","13.56","13.23","-0.97"
"Oct 03, 2016","13.45","13.23","13.51","13.18","1.66"
"Oct 02, 2016","13.23","13.21","13.30","13.15","0.15"
"Oct 01, 2016","13.21","13.24","13.30","13.07","-0.23"
"Sep 30, 2016","13.24","13.17","13.39","13.06","0.53"
"Sep 29, 2016","13.17","13.30","13.38","13.09","-0.98"
"Sep 28, 2016","13.30","13.09","13.56","13.06","1.60"
"Sep 27, 2016","13.09","12.89","13.30","12.83","1.55"
"Sep 26, 2016","12.89","13.05","13.16","12.80","-1.23"
"Sep 25, 2016","13.05","12.91","13.17","12.79","1.08"
"Sep 24, 2016","12.91","13.36","13.40","12.63","-3.37"
"Sep 23, 2016","13.36","13.11","13.46","13.08","1.91"
"Sep 22, 2016","13.11","13.72","13.84","12.37","-4.45"
"Sep 21, 2016","13.72","14.72","14.84","13.18","-6.79"
"Sep 20, 2016","14.72","12.93","14.75","12.92","13.84"
"Sep 19, 2016","12.93","12.39","13.16","12.36","4.36"
"Sep 18, 2016","12.39","12.83","13.00","12.21","-3.43"
"Sep 17, 2016","12.83","12.61","12.92","12.43","1.74"
"Sep 16, 2016","12.61","11.96","12.81","11.89","5.43"
"Sep 15, 2016","11.96","11.97","12.14","11.89","-0.08"
"Sep 14, 2016","11.97","11.92","12.06","11.76","0.42"
"Sep 13, 2016","11.92","11.89","12.14","11.82","0.25"
"Sep 12, 2016","11.89","11.64","11.96","11.62","2.15"
"Sep 11, 2016","11.64","12.05","12.20","11.58","-3.40"
"Sep 10, 2016","12.05","11.72","12.06","11.49","2.82"
"Sep 09, 2016","11.72","11.39","11.76","11.29","2.90"
"Sep 08, 2016","11.39","11.59","11.72","11.29","-1.73"
"Sep 07, 2016","11.59","11.70","11.86","11.50","-0.94"
"Sep 06, 2016","11.70","11.75","11.76","11.45","-0.43"
"Sep 05, 2016","11.75","11.71","11.83","11.59","0.34"
"Sep 04, 2016","11.71","11.85","11.93","11.49","-1.18"
"Sep 03, 2016","11.85","12.08","12.41","11.55","-1.90"
"Sep 02, 2016","12.08","12.21","12.37","11.92","-1.06"
"Sep 01, 2016","12.21","11.55","12.60","11.55","5.71"
"Aug 31, 2016","11.55","11.21","11.74","11.14","3.03"
"Aug 30, 2016","11.21","10.95","11.30","10.94","2.37"
"Aug 29, 2016","10.95","10.99","11.16","10.77","-0.36"
"Aug 28, 2016","10.99","11.19","11.21","10.98","-1.79"
"Aug 27, 2016","11.19","11.26","11.29","11.15","-0.62"
"Aug 26, 2016","11.26","11.35","11.44","11.19","-0.79"
"Aug 25, 2016","11.35","11.01","11.36","10.98","3.09"
"Aug 24, 2016","11.01","11.01","11.17","10.92","0.00"
"Aug 23, 2016","11.01","11.07","11.22","10.87","-0.54"
"Aug 22, 2016","11.07","11.14","11.37","11.04","-0.63"
"Aug 21, 2016","11.14","11.28","11.31","10.96","-1.24"
"Aug 20, 2016","11.28","10.71","11.35","10.68","5.32"
"Aug 19, 2016","10.71","10.77","10.85","10.64","-0.56"
"Aug 18, 2016","10.77","10.77","11.07","10.74","0.00"
"Aug 17, 2016","10.77","11.17","11.23","10.71","-3.58"
"Aug 16, 2016","11.17","11.21","11.43","10.98","-0.36"
"Aug 15, 2016","11.21","11.21","11.43","10.97","0.00"
"Aug 14, 2016","11.21","11.56","11.71","11.08","-3.03"
"Aug 13, 2016","11.56","11.78","11.83","11.49","-1.87"
"Aug 12, 2016","11.78","11.68","12.04","11.58","0.86"
"Aug 11, 2016","11.68","12.22","12.35","11.59","-4.42"
"Aug 10, 2016","12.22","12.22","12.67","11.86","0.00"
"Aug 09, 2016","12.22","11.29","12.43","11.17","8.24"
"Aug 08, 2016","11.29","10.98","11.49","10.83","2.82"
"Aug 07, 2016","10.98","10.95","11.13","10.76","0.27"
"Aug 06, 2016","10.95","11.05","11.09","10.34","-0.90"
"Aug 05, 2016","11.05","11.21","11.32","10.73","-1.43"
"Aug 04, 2016","11.21","10.42","11.53","10.25","7.58"
"Aug 03, 2016","10.42","8.30","10.64","8.09","25.54"
"Aug 02, 2016","8.30","11.04","11.20","7.03","-24.82"
"Aug 01, 2016","11.04","11.86","12.05","10.15","-6.91"
"Jul 31, 2016","11.86","12.57","12.56","11.54","-5.65"
"Jul 30, 2016","12.57","12.87","12.88","12.53","-2.33"
"Jul 29, 2016","12.87","12.87","12.93","12.56","0.00"
"Jul 28, 2016","12.87","13.05","13.08","12.48","-1.38"
"Jul 27, 2016","13.05","12.08","13.52","11.73","8.03"
"Jul 26, 2016","12.08","13.84","13.90","11.74","-12.72"
"Jul 25, 2016","13.84","12.63","13.88","12.59","9.58"
"Jul 24, 2016","12.63","14.40","14.68","12.15","-12.29"
"Jul 23, 2016","14.40","14.82","15.27","13.99","-2.83"
"Jul 22, 2016","14.82","12.66","15.06","12.57","17.06"
"Jul 21, 2016","12.66","12.54","12.92","12.02","0.96"
"Jul 20, 2016","12.54","11.63","13.00","11.40","7.82"
"Jul 19, 2016","11.63","11.03","12.10","10.95","5.44"
"Jul 18, 2016","11.03","11.19","11.66","10.90","-1.43"
"Jul 17, 2016","11.19","11.59","11.73","10.90","-3.45"
"Jul 16, 2016","11.59","11.88","12.12","11.50","-2.44"
"Jul 15, 2016","11.88","11.55","12.64","11.40","2.86"
"Jul 14, 2016","11.55","10.44","11.69","10.37","10.63"
"Jul 13, 2016","10.44","10.54","10.67","10.39","-0.95"
"Jul 12, 2016","10.54","10.58","10.84","10.43","-0.38"
"Jul 11, 2016","10.58","10.97","11.03","10.10","-3.56"
"Jul 10, 2016","10.97","10.92","11.14","10.77","0.46"
"Jul 09, 2016","10.92","11.30","11.50","10.68","-3.36"
"Jul 08, 2016","11.30","10.07","11.67","9.96","12.21"
"Jul 07, 2016","10.07","10.51","10.60","9.69","-4.19"
"Jul 06, 2016","10.51","10.45","11.07","10.16","0.57"
"Jul 05, 2016","10.45","11.34","11.41","8.98","-7.85"
"Jul 04, 2016","11.34","11.85","11.88","10.67","-4.30"
"Jul 03, 2016","11.85","12.04","12.15","11.56","-1.58"
"Jul 02, 2016","12.04","12.23","12.30","11.87","-1.55"
"Jul 01, 2016","12.23","12.40","12.55","11.65","-1.37"
"Jun 30, 2016","12.40","12.76","12.82","12.12","-2.82"
"Jun 29, 2016","12.76","12.15","12.98","11.59","5.02"
"Jun 28, 2016","12.15","14.04","14.14","11.36","-13.46"
"Jun 27, 2016","14.04","13.82","14.43","13.60","1.59"
"Jun 26, 2016","13.82","14.28","14.33","13.56","-3.22"
"Jun 25, 2016","14.28","14.25","14.62","13.89","0.21"
"Jun 24, 2016","14.25","13.58","14.80","13.12","4.93"
"Jun 23, 2016","13.58","13.21","13.91","12.48","2.80"
"Jun 22, 2016","13.21","12.71","15.90","12.64","3.93"
"Jun 21, 2016","12.71","11.70","12.76","11.08","8.63"
"Jun 20, 2016","11.70","12.33","12.61","10.42","-5.11"
"Jun 19, 2016","12.33","11.36","13.53","10.55","8.54"
"Jun 18, 2016","11.36","15.49","15.53","9.94","-26.66"
"Jun 17, 2016","15.49","20.61","21.39","13.44","-24.84"
"Jun 16, 2016","20.61","18.30","21.35","18.21","12.62"
"Jun 15, 2016","18.30","18.70","18.79","17.51","-2.14"
"Jun 14, 2016","18.70","17.55","19.17","16.34","6.55"
"Jun 13, 2016","17.55","15.57","17.60","15.33","12.72"
"Jun 12, 2016","15.57","14.01","15.60","13.91","11.13"
"Jun 11, 2016","14.01","13.97","14.17","13.76","0.29"
"Jun 10, 2016","13.97","14.49","14.52","13.74","-3.59"
"Jun 09, 2016","14.49","14.44","14.73","14.37","0.35"
"Jun 08, 2016","14.44","14.41","14.76","14.30","0.21"
"Jun 07, 2016","14.41","13.96","14.55","13.77","3.22"
"Jun 06, 2016","13.96","13.85","14.04","13.71","0.79"
"Jun 05, 2016","13.85","13.66","13.90","13.49","1.39"
"Jun 04, 2016","13.66","13.78","13.91","13.33","-0.87"
"Jun 03, 2016","13.78","13.78","14.32","13.17","0.00"
"Jun 02, 2016","13.78","13.83","14.08","13.62","-0.36"
"Jun 01, 2016","13.83","13.85","14.26","13.40","-0.14"
"May 31, 2016","13.85","12.48","14.28","12.43","10.98"
"May 30, 2016","12.48","12.28","12.76","12.03","1.63"
"May 29, 2016","12.28","11.56","12.43","11.37","6.23"
"May 28, 2016","11.56","11.11","12.22","10.34","4.05"
"May 27, 2016","11.11","12.37","12.33","10.39","-10.19"
"May 26, 2016","12.37","12.53","12.91","12.04","-1.28"
"May 25, 2016","12.53","12.62","12.90","11.82","-0.71"
"May 24, 2016","12.62","13.45","13.81","11.90","-6.17"
"May 23, 2016","13.45","14.21","14.40","13.32","-5.35"
"May 22, 2016","14.21","13.95","14.30","13.77","1.86"
"May 21, 2016","13.95","13.73","14.02","12.91","1.60"
"May 20, 2016","13.73","14.49","15.01","13.36","-5.24"
"May 19, 2016","14.49","13.29","14.65","13.02","9.03"
"May 18, 2016","13.29","12.26","14.35","12.11","8.40"
"May 17, 2016","12.26","11.04","12.60","11.03","11.05"
"May 16, 2016","11.04","9.94","11.40","9.93","11.07"
"May 15, 2016","9.94","10.14","10.47","9.91","-1.97"
"May 14, 2016","10.14","10.48","10.66","9.74","-3.24"
"May 13, 2016","10.48","10.10","11.12","10.04","3.76"
"May 12, 2016","10.10","9.97","10.57","9.79","1.30"
"May 11, 2016","9.97","9.39","10.01","9.37","6.18"
"May 10, 2016","9.39","9.32","9.50","9.22","0.75"
"May 09, 2016","9.32","9.44","9.73","9.17","-1.27"
"May 08, 2016","9.44","9.30","9.54","8.91","1.51"
"May 07, 2016","9.30","9.27","9.45","9.09","0.32"
"May 06, 2016","9.27","9.79","9.95","9.09","-5.31"
"May 05, 2016","9.79","9.43","9.97","9.27","3.82"
"May 04, 2016","9.43","9.37","9.98","9.21","0.64"
"May 03, 2016","9.37","10.03","10.17","8.61","-6.58"
"May 02, 2016","10.03","8.76","10.43","8.75","14.50"
"May 01, 2016","8.76","8.83","9.19","8.42","-0.79"
"Apr 30, 2016","8.83","7.51","9.49","7.46","17.58"
"Apr 29, 2016","7.51","7.30","7.72","7.19","2.88"
"Apr 28, 2016","7.30","7.77","7.79","7.25","-6.05"
"Apr 27, 2016","7.77","7.50","7.99","7.33","3.60"
"Apr 26, 2016","7.50","7.43","7.60","7.10","0.94"
"Apr 25, 2016","7.43","8.00","8.10","7.27","-7.13"
"Apr 24, 2016","8.00","8.31","8.45","7.82","-3.73"
"Apr 23, 2016","8.31","7.83","8.54","7.72","6.13"
"Apr 22, 2016","7.83","8.15","8.37","7.66","-3.93"
"Apr 21, 2016","8.15","8.54","8.70","8.00","-4.57"
"Apr 20, 2016","8.54","8.77","8.92","8.35","-2.62"
"Apr 19, 2016","8.77","8.92","9.25","8.55","-1.68"
"Apr 18, 2016","8.92","9.45","9.51","8.46","-5.61"
"Apr 17, 2016","9.45","8.48","9.99","8.48","11.44"
"Apr 16, 2016","8.48","8.22","8.57","8.15","3.16"
"Apr 15, 2016","8.22","8.48","8.61","8.12","-3.07"
"Apr 14, 2016","8.48","8.02","8.88","8.00","5.74"
"Apr 13, 2016","8.02","7.53","8.76","7.00","6.51"
"Apr 12, 2016","7.53","8.72","8.72","7.15","-13.65"
"Apr 11, 2016","8.72","8.80","8.95","7.99","-0.91"
"Apr 10, 2016","8.80","9.16","9.20","7.35","-3.93"
"Apr 09, 2016","9.16","9.74","10.05","9.00","-5.95"
"Apr 08, 2016","9.74","10.08","10.32","9.59","-3.37"
"Apr 07, 2016","10.08","10.79","10.80","9.90","-6.58"
"Apr 06, 2016","10.79","10.39","11.13","10.25","3.85"
"Apr 05, 2016","10.39","11.10","11.26","10.01","-6.40"
"Apr 04, 2016","11.10","11.58","11.63","10.99","-4.15"
"Apr 03, 2016","11.58","11.61","11.64","11.46","-0.26"
"Apr 02, 2016","11.61","11.63","11.67","11.35","-0.17"
"Apr 01, 2016","11.63","11.41","11.89","11.27","1.93"
"Mar 31, 2016","11.41","11.88","12.13","11.33","-3.96"
"Mar 30, 2016","11.88","11.73","12.13","11.21","1.28"
"Mar 29, 2016","11.73","11.58","11.80","11.19","1.30"
"Mar 28, 2016","11.58","10.50","11.83","10.30","10.29"
"Mar 27, 2016","10.50","11.00","11.09","10.11","-4.55"
"Mar 26, 2016","11.00","10.69","11.38","10.58","2.90"
"Mar 25, 2016","10.69","11.13","11.40","10.51","-3.95"
"Mar 24, 2016","11.13","12.29","12.48","10.84","-9.44"
"Mar 23, 2016","12.29","10.96","12.50","10.96","12.14"
"Mar 22, 2016","10.96","11.97","12.20","10.95","-8.44"
"Mar 21, 2016","11.97","10.06","11.99","9.93","18.99"
"Mar 20, 2016","10.06","10.55","10.85","9.52","-4.64"
"Mar 19, 2016","10.55","10.75","11.19","9.80","-1.86"
"Mar 18, 2016","10.75","11.14","11.47","8.09","-3.50"
"Mar 17, 2016","11.14","12.92","13.00","10.20","-13.78"
"Mar 16, 2016","12.92","13.09","13.75","12.80","-1.30"
"Mar 15, 2016","13.09","12.50","13.45","10.00","4.72"
"Mar 14, 2016","12.50","15.00","15.00","10.50","-16.67"
"Mar 13, 2016","15.00","13.25","15.18","12.00","13.21"
"Mar 12, 2016","13.25","11.25","13.48","11.03","17.78"
"Mar 11, 2016","11.25","11.11","11.62","10.40","1.26"
"Mar 10, 2016","11.11","11.55","12.05","10.25","-3.81"
"Mar 09, 2016","11.55","9.88","12.00","9.60","16.90"
"Mar 08, 2016","9.88","9.50","10.89","8.49","4.00"
"Mar 07, 2016","9.50","10.98","11.47","9.06","-13.48"
"Mar 06, 2016","10.98","11.00","11.90","9.75","-0.18"
"Mar 05, 2016","11.00","9.96","12.00","9.75","10.44"
"Mar 04, 2016","9.96","9.35","9.96","8.27","6.52"
"Mar 03, 2016","9.35","8.70","9.94","8.30","7.47"
"Mar 02, 2016","8.70","7.59","9.90","7.04","14.62"
"Mar 01, 2016","7.59","6.35","7.60","6.25","19.53"
"Feb 29, 2016","6.35","6.50","6.62","6.00","-2.31"
"Feb 28, 2016","6.50","6.31","6.54","6.15","3.01"
"Feb 27, 2016","6.31","6.03","6.50","5.75","4.64"
"Feb 26, 2016","6.03","5.93","6.29","5.71","1.69"
"Feb 25, 2016","5.93","6.23","6.64","5.55","-4.82"
"Feb 24, 2016","6.23","5.70","6.50","5.51","9.30"
"Feb 23, 2016","5.70","5.60","6.00","5.32","1.79"
"Feb 22, 2016","5.60","4.63","5.84","4.50","20.95"
"Feb 21, 2016","4.63","4.37","4.63","4.00","5.95"
"Feb 20, 2016","4.37","4.45","4.72","4.01","-1.80"
"Feb 19, 2016","4.45","4.36","4.75","4.06","2.06"
"Feb 18, 2016","4.36","3.86","4.75","3.32","12.95"
"Feb 17, 2016","3.86","4.25","4.78","3.50","-9.18"
"Feb 16, 2016","4.25","5.22","5.44","4.00","-18.58"
"Feb 15, 2016","5.22","5.20","5.98","4.50","0.38"
"Feb 14, 2016","5.20","5.22","5.41","4.50","-0.38"
"Feb 13, 2016","5.22","5.27","5.80","4.07","-0.95"
"Feb 12, 2016","5.27","6.38","6.47","5.05","-17.40"
"Feb 11, 2016","6.38","4.35","6.38","3.44","46.67"
"Feb 10, 2016","4.35","3.76","4.98","3.50","15.69"
"Feb 09, 2016","3.76","3.16","3.97","3.14","18.99"
"Feb 08, 2016","3.16","3.00","3.24","2.75","5.33"
"Feb 07, 2016","3.00","2.53","3.00","2.51","18.58"
"Feb 06, 2016","2.53","2.56","2.57","2.48","-1.17"
"Feb 05, 2016","2.56","2.57","2.59","2.47","-0.39"
"Feb 04, 2016","2.57","2.53","2.79","2.50","1.58"
"Feb 03, 2016","2.53","2.45","2.54","2.30","3.27"
"Feb 02, 2016","2.45","2.17","2.45","2.12","12.90"
"Feb 01, 2016","2.17","2.20","2.32","2.00","-1.36"
"Jan 31, 2016","2.20","2.44","2.54","2.20","-9.84"
"Jan 30, 2016","2.44","2.41","2.60","2.37","1.24"
"Jan 29, 2016","2.41","2.55","2.61","2.21","-5.49"
"Jan 28, 2016","2.55","2.42","2.61","2.24","5.37"
"Jan 27, 2016","2.42","2.30","2.80","1.88","5.22"
"Jan 26, 2016","2.30","2.50","2.80","2.25","-8.00"
"Jan 25, 2016","2.50","2.10","2.88","2.05","19.05"
"Jan 24, 2016","2.10","2.03","2.30","1.10","3.45"
"Jan 23, 2016","2.03","1.52","2.03","1.39","33.55"
"Jan 22, 2016","1.52","1.54","1.66","1.42","-1.30"
"Jan 21, 2016","1.54","1.54","1.61","1.40","0.00"
"Jan 20, 2016","1.54","1.22","1.61","1.22","26.23"
"Jan 19, 2016","1.22","1.47","1.47","1.22","-17.01"
"Jan 18, 2016","1.47","1.31","1.55","1.31","12.21"
"Jan 17, 2016","1.31","1.22","1.31","1.21","7.38"
"Jan 16, 2016","1.22","1.20","1.32","1.20","1.67"
"Jan 15, 2016","1.20","1.16","1.33","1.16","3.45"
"Jan 14, 2016","1.16","1.14","1.16","1.10","1.75"
"Jan 13, 2016","1.14","1.22","1.22","1.07","-6.56"
"Jan 12, 2016","1.22","1.08","1.25","1.05","12.96"
"Jan 11, 2016","1.08","1.00","1.10","1.00","8.00"
"Jan 10, 2016","1.00","0.99","1.00","0.99","1.52"
"Jan 09, 2016","0.99","0.99","1.00","0.97","0.00"
"Jan 08, 2016","0.99","0.94","0.99","0.94","4.79"
"Jan 07, 2016","0.94","0.95","0.96","0.93","-1.05"
"Jan 06, 2016","0.95","0.94","0.95","0.93","0.79"
"Jan 05, 2016","0.94","0.95","0.96","0.94","-0.78"
"Jan 04, 2016","0.95","0.96","0.96","0.92","-1.04"
"Jan 03, 2016","0.96","0.95","0.97","0.95","0.56"
"Jan 02, 2016","0.95","0.92","0.95","0.92","3.77"
"Jan 01, 2016","0.92","0.95","0.95","0.92","-3.04"
"Dec 31, 2015","0.95","0.89","0.97","0.89","6.31"
"Dec 30, 2015","0.89","0.86","0.93","0.86","3.78"
"Dec 29, 2015","0.86","0.87","0.89","0.84","-1.70"
"Dec 28, 2015","0.87","0.92","0.92","0.84","-4.69"
"Dec 27, 2015","0.92","0.85","0.92","0.84","7.62"
"Dec 26, 2015","0.85","0.88","1.00","0.85","-3.07"
"Dec 25, 2015","0.88","0.87","0.88","0.86","1.15"
"Dec 24, 2015","0.87","0.87","0.89","0.85","-0.10"
"Dec 23, 2015","0.87","0.88","0.99","0.87","-1.03"
"Dec 22, 2015","0.88","0.91","1.00","0.88","-3.30"
"Dec 21, 2015","0.91","1.07","1.07","0.91","-14.95"
"Dec 20, 2015","1.07","0.89","1.07","0.89","19.75"
"Dec 19, 2015","0.89","0.90","0.92","0.89","-0.72"
"Dec 18, 2015","0.90","0.94","0.94","0.90","-4.26"
"Dec 17, 2015","0.94","0.80","0.97","0.80","17.06"
"Dec 16, 2015","0.80","1.00","1.10","0.80","-19.70"
"Dec 15, 2015","1.00","0.99","1.00","0.96","1.01"
"Dec 14, 2015","0.99","0.92","0.99","0.96","7.62"
"Dec 13, 2015","0.92","0.96","0.97","0.88","-4.18"
"Dec 12, 2015","0.96","0.90","0.96","0.90","6.69"
"Dec 11, 2015","0.90","0.84","0.90","0.77","6.65"
"Dec 10, 2015","0.84","0.81","0.87","0.78","4.79"
"Dec 09, 2015","0.81","0.81","0.85","0.76","-0.63"
"Dec 08, 2015","0.81","0.79","0.90","0.78","2.56"
"Dec 07, 2015","0.79","0.82","0.82","0.78","-4.24"
"Dec 06, 2015","0.82","0.87","0.87","0.82","-5.16"
"Dec 05, 2015","0.87","0.84","0.87","0.84","3.56"
"Dec 04, 2015","0.84","0.83","0.84","0.82","1.20"
"Dec 03, 2015","0.83","0.82","0.83","0.80","1.22"
"Dec 02, 2015","0.82","0.87","0.87","0.80","-5.75"
"Dec 01, 2015","0.87","0.88","0.89","0.84","-1.14"
"Nov 30, 2015","0.88","0.87","0.88","0.87","1.15"
"Nov 29, 2015","0.87","0.91","0.91","0.85","-4.40"
"Nov 28, 2015","0.91","0.88","0.91","0.88","3.41"
"Nov 27, 2015","0.88","0.86","0.89","0.88","2.33"
"Nov 26, 2015","0.86","0.87","0.91","0.82","-1.15"
"Nov 25, 2015","0.87","0.91","0.91","0.87","-4.40"
"Nov 24, 2015","0.91","0.92","0.95","0.91","-1.09"
"Nov 23, 2015","0.92","0.97","0.92","0.92","-5.15"
"Nov 22, 2015","0.97","0.96","0.97","0.88","1.04"
"Nov 21, 2015","0.96","0.92","0.96","0.92","4.35"
"Nov 20, 2015","0.92","0.94","0.94","0.91","-2.13"
"Nov 19, 2015","0.94","1.00","1.00","0.92","-5.75"
"Nov 18, 2015","1.00","1.00","1.00","0.95","-0.27"
"Nov 17, 2015","1.00","0.93","1.00","0.92","8.11"
"Nov 16, 2015","0.93","0.92","0.93","0.66","0.62"
"Nov 15, 2015","0.92","0.88","0.92","0.87","4.47"
"Nov 14, 2015","0.88","0.90","0.91","0.87","-2.22"
"Nov 13, 2015","0.90","0.88","0.90","0.84","2.27"
"Nov 12, 2015","0.88","0.75","0.90","0.75","17.33"
"Nov 11, 2015","0.75","0.90","0.94","0.73","-16.67"
"Nov 10, 2015","0.90","1.00","1.00","0.90","-9.82"
"Nov 09, 2015","1.00","1.00","1.08","0.89","-0.20"
"Nov 08, 2015","1.00","0.93","1.00","0.89","7.53"
"Nov 07, 2015","0.93","0.99","0.93","0.86","-6.05"
"Nov 06, 2015","0.99","0.88","0.99","0.79","12.95"
"Nov 05, 2015","0.88","0.80","1.00","0.80","9.69"
"Nov 04, 2015","0.80","1.06","1.06","0.80","-24.62"
"Nov 03, 2015","1.06","0.99","1.06","0.84","7.31"
"Nov 02, 2015","0.99","0.99","1.06","0.98","-0.22"
"Nov 01, 2015","0.99","0.87","0.99","0.87","14.11"
"Oct 31, 2015","0.87","1.14","1.14","0.87","-23.89"
"Oct 30, 2015","1.14","1.12","1.34","1.12","1.79"
"Oct 29, 2015","1.12","0.99","1.20","0.97","13.13"
"Oct 28, 2015","0.99","0.83","1.01","0.82","19.28"
"Oct 27, 2015","0.83","0.71","0.90","0.70","17.56"
"Oct 26, 2015","0.71","0.62","0.71","0.62","13.87"
"Oct 25, 2015","0.62","0.56","0.67","0.59","11.49"
"Oct 24, 2015","0.56","0.56","0.56","0.51","-1.56"
"Oct 23, 2015","0.56","0.61","0.61","0.50","-7.24"
"Oct 22, 2015","0.61","0.42","0.61","0.41","45.00"
"Oct 21, 2015","0.42","0.44","0.47","0.42","-4.55"
"Oct 20, 2015","0.44","0.50","0.48","0.44","-12.00"
"Oct 19, 2015","0.50","0.50","0.50","0.48","-0.99"
"Oct 18, 2015","0.50","0.52","0.52","0.50","-3.44"
"Oct 17, 2015","0.52","0.52","0.54","0.52","-0.38"
"Oct 16, 2015","0.52","0.56","0.56","0.52","-6.25"
"Oct 15, 2015","0.56","0.50","0.56","0.48","12.00"
"Oct 14, 2015","0.50","0.60","0.60","0.50","-16.90"
"Oct 13, 2015","0.60","0.63","0.65","0.60","-4.49"
"Oct 12, 2015","0.63","0.60","0.64","0.63","5.12"
"Oct 11, 2015","0.60","0.64","0.60","0.60","-5.64"
"Oct 10, 2015","0.64","0.75","0.75","0.64","-0.02"
"Oct 09, 2015","0.64","0.62","0.64","0.57","2.45"
"Oct 08, 2015","0.62","0.60","0.64","0.60","3.33"
"Oct 07, 2015","0.60","0.65","0.61","0.60","-7.85"
"Oct 06, 2015","0.65","0.61","0.65","0.61","7.12"
"Oct 05, 2015","0.61","0.61","0.61","0.61","-0.28"
"Oct 04, 2015","0.61","0.68","0.67","0.61","-10.31"
"Oct 03, 2015","0.68","0.66","0.68","0.66","2.24"
"Oct 02, 2015","0.66","0.65","0.67","0.65","1.51"
"Oct 01, 2015","0.65","0.71","0.71","0.65","-8.25"
"Sep 30, 2015","0.71","0.68","0.74","0.50","4.71"
"Sep 29, 2015","0.68","0.60","0.68","0.50","13.60"
"Sep 28, 2015","0.60","0.70","0.70","0.60","-14.38"
"Sep 27, 2015","0.70","0.77","0.77","0.70","-9.02"
"Sep 26, 2015","0.77","0.68","0.77","0.68","12.90"
"Sep 25, 2015","0.68","0.80","0.80","0.68","-14.71"
"Sep 24, 2015","0.80","0.91","0.91","0.80","-12.09"
"Sep 23, 2015","0.91","0.81","0.91","0.81","12.92"
"Sep 22, 2015","0.81","0.94","0.94","0.81","-14.38"
"Sep 21, 2015","0.94","0.89","0.95","0.89","6.10"
"Sep 20, 2015","0.89","0.89","0.89","0.88","-0.33"
"Sep 19, 2015","0.89","0.85","0.89","0.80","4.42"
"Sep 18, 2015","0.85","0.88","0.88","0.85","-2.59"
"Sep 17, 2015","0.88","0.94","0.94","0.82","-6.55"
"Sep 16, 2015","0.94","0.95","0.96","0.94","-1.44"
"Sep 15, 2015","0.95","0.95","1.00","0.80","-0.52"
"Sep 14, 2015","0.95","0.89","0.96","0.88","7.84"
"Sep 13, 2015","0.89","1.15","1.15","0.88","-22.99"
"Sep 12, 2015","1.15","0.92","1.15","0.92","24.43"
"Sep 11, 2015","0.92","1.19","1.19","0.92","-22.34"
"Sep 10, 2015","1.19","1.21","1.21","1.12","-1.65"
"Sep 09, 2015","1.21","1.26","1.26","1.21","-3.97"
"Sep 08, 2015","1.26","1.28","1.28","1.26","-1.56"
"Sep 07, 2015","1.28","1.34","1.34","1.28","-4.48"
"Sep 06, 2015","1.34","1.37","1.39","1.34","-2.19"
"Sep 05, 2015","1.37","1.23","1.37","1.23","1.48"
"Sep 04, 2015","1.35","1.28","1.40","1.28","9.76"
"Sep 03, 2015","1.23","1.14","1.33","1.14","7.89"
"Sep 02, 2015","1.14","1.36","1.37","1.14","-16.18"
"Sep 01, 2015","1.36","1.31","1.38","1.31","3.82"
"Aug 31, 2015","1.31","1.32","1.32","0.90","-0.76"
"Aug 30, 2015","1.32","1.18","1.35","1.17","11.86"
"Aug 29, 2015","1.18","1.30","1.30","1.15","-9.23"
"Aug 28, 2015","1.30","1.14","1.30","1.14","14.04"
"Aug 27, 2015","1.14","1.18","1.19","1.14","-3.39"
"Aug 26, 2015","1.18","1.27","1.27","1.08","-7.09"
"Aug 25, 2015","1.27","1.24","1.28","1.22","2.42"
"Aug 24, 2015","1.24","1.35","1.35","1.24","-8.15"
"Aug 23, 2015","1.35","1.40","1.40","1.31","-3.57"
"Aug 22, 2015","1.40","1.44","1.44","1.40","-2.78"
"Aug 21, 2015","1.44","1.52","1.53","1.44","-5.26"
"Aug 20, 2015","1.52","1.24","1.52","1.24","22.58"
"Aug 19, 2015","1.24","1.36","1.36","0.99","-8.82"
"Aug 18, 2015","1.36","1.30","1.36","1.15","4.62"
"Aug 17, 2015","1.30","1.37","1.59","1.25","-5.11"
"Aug 16, 2015","1.37","1.79","1.79","0.50","-23.46"
"Aug 15, 2015","1.79","1.79","1.79","1.50","0.00"
"Aug 14, 2015","1.79","1.88","2.10","1.79","-4.79"
"Aug 13, 2015","1.88","1.29","1.88","1.26","45.74"
"Aug 12, 2015","1.29","0.99","1.29","0.90","30.30"
"Aug 11, 2015","0.99","1.20","1.20","0.65","-17.50"
"Aug 10, 2015","1.20","1.20","1.20","1.20","0.00"
"Aug 09, 2015","1.20","1.20","1.20","1.20","0.00"
"Aug 08, 2015","1.20","3.00","3.00","0.15","-60.00"